epoch,train_loss,val_loss,train_accuracy,val_accuracy
1,2.3820758014917374,2.721929892897606,0.15,0.11666666666666667
2,2.1588047593832016,2.0405341386795044,0.206,0.24166666666666667
3,1.8391297236084938,2.1419652551412582,0.352,0.23333333333333334
4,1.6771317794919014,2.2201889604330063,0.448,0.30833333333333335
5,1.264303743839264,1.7092579752206802,0.57,0.4166666666666667
6,1.0509743932634592,1.8748022019863129,0.656,0.4583333333333333
7,0.7428778493776917,1.3399811089038849,0.754,0.6333333333333333
8,0.6506356089375913,1.2811850439757109,0.798,0.5666666666666667
9,0.6382541605271399,0.9128818400204182,0.81,0.75
10,0.4219158866908401,0.9755266644060612,0.866,0.75
11,0.3242369327927008,1.0974454884417355,0.906,0.7333333333333333
12,0.3484873613342643,1.0145276486873627,0.894,0.775
13,0.20844385848613456,0.8114278097636998,0.952,0.8333333333333334
14,0.09642259308020584,0.8363230719114654,0.974,0.8083333333333333
15,0.07409069073037244,0.9048078125342727,0.982,0.825
16,0.06493569139274769,0.8286691684625112,0.978,0.8
17,0.1084650028278702,1.082389055751264,0.97,0.7833333333333333
18,0.2106472949963063,0.9618486878462136,0.954,0.775
19,0.3262187170330435,1.0136594222858548,0.91,0.7833333333333333
20,0.17127291986253113,0.8516056011430919,0.958,0.8166666666666667
